[
  {
    "id": "862c3053-0bb9-43e2-92e8-152b8ae8a168",
    "data": [
      {
        "text": "turn off",
        "meta": "@control-rgb",
        "alias": "control-rgb",
        "userDefined": true
      },
      {
        "text": " led",
        "userDefined": false
      }
    ],
    "isTemplate": false,
    "count": 0,
    "lang": "en",
    "updated": 0
  },
  {
    "id": "9cf8998e-2351-4da9-8ae2-9a953966a796",
    "data": [
      {
        "text": "have a ",
        "userDefined": false
      },
      {
        "text": "party",
        "meta": "@control-rgb",
        "alias": "control-rgb",
        "userDefined": false
      }
    ],
    "isTemplate": false,
    "count": 0,
    "lang": "en",
    "updated": 0
  },
  {
    "id": "97031403-244f-4476-9682-79f702c16181",
    "data": [
      {
        "text": "get ",
        "userDefined": false
      },
      {
        "text": "green",
        "meta": "@control-rgb",
        "alias": "control-rgb",
        "userDefined": false
      }
    ],
    "isTemplate": false,
    "count": 0,
    "lang": "en",
    "updated": 0
  },
  {
    "id": "79070dd5-7134-4496-b693-784c9f072003",
    "data": [
      {
        "text": "want some ",
        "userDefined": false
      },
      {
        "text": "blue",
        "meta": "@control-rgb",
        "alias": "control-rgb",
        "userDefined": false
      }
    ],
    "isTemplate": false,
    "count": 0,
    "lang": "en",
    "updated": 0
  },
  {
    "id": "71a10548-5cfb-45a3-ba2b-6eac803bd1a8",
    "data": [
      {
        "text": "want ",
        "userDefined": false
      },
      {
        "text": "red",
        "meta": "@control-rgb",
        "alias": "control-rgb",
        "userDefined": false
      }
    ],
    "isTemplate": false,
    "count": 0,
    "lang": "en",
    "updated": 0
  },
  {
    "id": "7892901b-dac3-4f9e-bea9-f6eaa0f788ec",
    "data": [
      {
        "text": "close",
        "meta": "@control-rgb",
        "alias": "control-rgb",
        "userDefined": false
      },
      {
        "text": " led",
        "userDefined": false
      }
    ],
    "isTemplate": false,
    "count": 0,
    "lang": "en",
    "updated": 0
  },
  {
    "id": "1e40cc76-2087-46b2-9985-a1eff458ab95",
    "data": [
      {
        "text": "Turn off",
        "meta": "@control-rgb",
        "alias": "control-rgb",
        "userDefined": false
      },
      {
        "text": " the led",
        "userDefined": false
      }
    ],
    "isTemplate": false,
    "count": 0,
    "lang": "en",
    "updated": 0
  },
  {
    "id": "6efedd8d-d792-4e24-85d1-3ac39357f279",
    "data": [
      {
        "text": "let\u0027s ",
        "userDefined": false
      },
      {
        "text": "party",
        "meta": "@control-rgb",
        "alias": "control-rgb",
        "userDefined": false
      }
    ],
    "isTemplate": false,
    "count": 0,
    "lang": "en",
    "updated": 0
  },
  {
    "id": "a1391c1c-fcf5-4e72-8b39-3072b0cd0ea4",
    "data": [
      {
        "text": "turn ",
        "userDefined": false
      },
      {
        "text": "blue",
        "meta": "@control-rgb",
        "alias": "control-rgb",
        "userDefined": false
      }
    ],
    "isTemplate": false,
    "count": 0,
    "lang": "en",
    "updated": 0
  },
  {
    "id": "59576b86-178a-49ed-83a5-c5539c0ff80f",
    "data": [
      {
        "text": "show some ",
        "userDefined": false
      },
      {
        "text": "blue",
        "meta": "@control-rgb",
        "alias": "control-rgb",
        "userDefined": false
      }
    ],
    "isTemplate": false,
    "count": 0,
    "lang": "en",
    "updated": 0
  },
  {
    "id": "85388d1a-bbac-4705-a10e-8fa76308f63b",
    "data": [
      {
        "text": "Need ",
        "userDefined": false
      },
      {
        "text": "green",
        "meta": "@control-rgb",
        "alias": "control-rgb",
        "userDefined": false
      },
      {
        "text": " light",
        "userDefined": false
      }
    ],
    "isTemplate": false,
    "count": 0,
    "lang": "en",
    "updated": 0
  },
  {
    "id": "86823f92-ea03-444e-831f-e1fe47d4368a",
    "data": [
      {
        "text": "Switch to ",
        "userDefined": false
      },
      {
        "text": "red",
        "meta": "@control-rgb",
        "alias": "control-rgb",
        "userDefined": false
      }
    ],
    "isTemplate": false,
    "count": 0,
    "lang": "en",
    "updated": 0
  },
  {
    "id": "cb97d9c6-757b-42ee-943d-f04c9b0edbe9",
    "data": [
      {
        "text": "I want some ",
        "userDefined": false
      },
      {
        "text": "red",
        "meta": "@control-rgb",
        "alias": "control-rgb",
        "userDefined": false
      }
    ],
    "isTemplate": false,
    "count": 0,
    "lang": "en",
    "updated": 0
  }
]